"COUNTRY","Country","ISC11_LEVEL_CAT","Level of education","REF_SECTOR","Reference sector","INDICATOR","Indicator","YEAR","Year","Unit Code","Unit","PowerCode Code","PowerCode","Reference Period Code","Reference Period","Value","Flag Codes","Flags"
"AUS","Australia","L1","Primary education (ISCED2011 level 1)","INST_T","All public and private educational institutions","PERS_AVG_CLASS","Average class size ","2016","2016",,,"0","Units",,,23.669,,
"AUS","Australia","L1","Primary education (ISCED2011 level 1)","INST_T","All public and private educational institutions","PERS_AVG_CLASS","Average class size ","2017","2017",,,"0","Units",,,23.613,,
"AUS","Australia","L1","Primary education (ISCED2011 level 1)","INST_T","All public and private educational institutions","PERS_AVG_CLASS","Average class size ","2018","2018",,,"0","Units",,,23.471,,
"AUS","Australia","L1","Primary education (ISCED2011 level 1)","INST_T","All public and private educational institutions","PERS_RATIO_INST","Ratio of students to teaching staff by type of institutions","2016","2016",,,"0","Units",,,15.168,,
"AUS","Australia","L1","Primary education (ISCED2011 level 1)","INST_T","All public and private educational institutions","PERS_RATIO_INST","Ratio of students to teaching staff by type of institutions","2017","2017",,,"0","Units",,,15.124,,
"AUS","Australia","L1","Primary education (ISCED2011 level 1)","INST_T","All public and private educational institutions","PERS_RATIO_INST","Ratio of students to teaching staff by type of institutions","2018","2018",,,"0","Units",,,14.926,,
"AUT","Austria","L1","Primary education (ISCED2011 level 1)","INST_T","All public and private educational institutions","PERS_AVG_CLASS","Average class size ","2016","2016",,,"0","Units",,,18.329,,
"AUT","Austria","L1","Primary education (ISCED2011 level 1)","INST_T","All public and private educational institutions","PERS_AVG_CLASS","Average class size ","2017","2017",,,"0","Units",,,18.448,,
"AUT","Austria","L1","Primary education (ISCED2011 level 1)","INST_T","All public and private educational institutions","PERS_AVG_CLASS","Average class size ","2018","2018",,,"0","Units",,,18.426,,
"AUT","Austria","L1","Primary education (ISCED2011 level 1)","INST_T","All public and private educational institutions","PERS_RATIO_INST","Ratio of students to teaching staff by type of institutions","2016","2016",,,"0","Units",,,11.628,,
"AUT","Austria","L1","Primary education (ISCED2011 level 1)","INST_T","All public and private educational institutions","PERS_RATIO_INST","Ratio of students to teaching staff by type of institutions","2017","2017",,,"0","Units",,,11.267,,
"AUT","Austria","L1","Primary education (ISCED2011 level 1)","INST_T","All public and private educational institutions","PERS_RATIO_INST","Ratio of students to teaching staff by type of institutions","2018","2018",,,"0","Units",,,11.55,,
"BEL","Belgium","L1","Primary education (ISCED2011 level 1)","INST_T","All public and private educational institutions","PERS_AVG_CLASS","Average class size ","2016","2016",,,"0","Units",,,,"M","Missing value; data cannot exist"
"BEL","Belgium","L1","Primary education (ISCED2011 level 1)","INST_T","All public and private educational institutions","PERS_AVG_CLASS","Average class size ","2017","2017",,,"0","Units",,,,"M","Missing value; data cannot exist"
"BEL","Belgium","L1","Primary education (ISCED2011 level 1)","INST_T","All public and private educational institutions","PERS_AVG_CLASS","Average class size ","2018","2018",,,"0","Units",,,,"M","Missing value; data cannot exist"
"BEL","Belgium","L1","Primary education (ISCED2011 level 1)","INST_T","All public and private educational institutions","PERS_RATIO_INST","Ratio of students to teaching staff by type of institutions","2016","2016",,,"0","Units",,,12.832,,
"BEL","Belgium","L1","Primary education (ISCED2011 level 1)","INST_T","All public and private educational institutions","PERS_RATIO_INST","Ratio of students to teaching staff by type of institutions","2017","2017",,,"0","Units",,,12.895,,
"BEL","Belgium","L1","Primary education (ISCED2011 level 1)","INST_T","All public and private educational institutions","PERS_RATIO_INST","Ratio of students to teaching staff by type of institutions","2018","2018",,,"0","Units",,,12.815,,
"CAN","Canada","L1","Primary education (ISCED2011 level 1)","INST_T","All public and private educational institutions","PERS_AVG_CLASS","Average class size ","2016","2016",,,"0","Units",,,,"M","Missing value; data cannot exist"
"CAN","Canada","L1","Primary education (ISCED2011 level 1)","INST_T","All public and private educational institutions","PERS_AVG_CLASS","Average class size ","2017","2017",,,"0","Units",,,,"M","Missing value; data cannot exist"
"CAN","Canada","L1","Primary education (ISCED2011 level 1)","INST_T","All public and private educational institutions","PERS_AVG_CLASS","Average class size ","2018","2018",,,"0","Units",,,,"M","Missing value; data cannot exist"
"CAN","Canada","L1","Primary education (ISCED2011 level 1)","INST_T","All public and private educational institutions","PERS_RATIO_INST","Ratio of students to teaching staff by type of institutions","2016","2016",,,"0","Units",,,16.855,,
"CAN","Canada","L1","Primary education (ISCED2011 level 1)","INST_T","All public and private educational institutions","PERS_RATIO_INST","Ratio of students to teaching staff by type of institutions","2017","2017",,,"0","Units",,,16.225,,
"CAN","Canada","L1","Primary education (ISCED2011 level 1)","INST_T","All public and private educational institutions","PERS_RATIO_INST","Ratio of students to teaching staff by type of institutions","2018","2018",,,"0","Units",,,16.691,,
"CZE","Czech Republic","L1","Primary education (ISCED2011 level 1)","INST_T","All public and private educational institutions","PERS_AVG_CLASS","Average class size ","2016","2016",,,"0","Units",,,21.026,,
"CZE","Czech Republic","L1","Primary education (ISCED2011 level 1)","INST_T","All public and private educational institutions","PERS_AVG_CLASS","Average class size ","2017","2017",,,"0","Units",,,21.094,,
"CZE","Czech Republic","L1","Primary education (ISCED2011 level 1)","INST_T","All public and private educational institutions","PERS_AVG_CLASS","Average class size ","2018","2018",,,"0","Units",,,21.013,,
"CZE","Czech Republic","L1","Primary education (ISCED2011 level 1)","INST_T","All public and private educational institutions","PERS_RATIO_INST","Ratio of students to teaching staff by type of institutions","2016","2016",,,"0","Units",,,19.149,,
"CZE","Czech Republic","L1","Primary education (ISCED2011 level 1)","INST_T","All public and private educational institutions","PERS_RATIO_INST","Ratio of students to teaching staff by type of institutions","2017","2017",,,"0","Units",,,19.138,,
"CZE","Czech Republic","L1","Primary education (ISCED2011 level 1)","INST_T","All public and private educational institutions","PERS_RATIO_INST","Ratio of students to teaching staff by type of institutions","2018","2018",,,"0","Units",,,19.198,,
"DNK","Denmark","L1","Primary education (ISCED2011 level 1)","INST_T","All public and private educational institutions","PERS_AVG_CLASS","Average class size ","2016","2016",,,"0","Units",,,21.452,,
"DNK","Denmark","L1","Primary education (ISCED2011 level 1)","INST_T","All public and private educational institutions","PERS_AVG_CLASS","Average class size ","2017","2017",,,"0","Units",,,21.039,,
"DNK","Denmark","L1","Primary education (ISCED2011 level 1)","INST_T","All public and private educational institutions","PERS_AVG_CLASS","Average class size ","2018","2018",,,"0","Units",,,19.628,,
"DNK","Denmark","L1","Primary education (ISCED2011 level 1)","INST_T","All public and private educational institutions","PERS_RATIO_INST","Ratio of students to teaching staff by type of institutions","2016","2016",,,"0","Units",,,,"M","Missing value; data cannot exist"
"DNK","Denmark","L1","Primary education (ISCED2011 level 1)","INST_T","All public and private educational institutions","PERS_RATIO_INST","Ratio of students to teaching staff by type of institutions","2017","2017",,,"0","Units",,,,"M","Missing value; data cannot exist"
"DNK","Denmark","L1","Primary education (ISCED2011 level 1)","INST_T","All public and private educational institutions","PERS_RATIO_INST","Ratio of students to teaching staff by type of institutions","2018","2018",,,"0","Units",,,11.91,,
"FIN","Finland","L1","Primary education (ISCED2011 level 1)","INST_T","All public and private educational institutions","PERS_AVG_CLASS","Average class size ","2016","2016",,,"0","Units",,,19.55,,
"FIN","Finland","L1","Primary education (ISCED2011 level 1)","INST_T","All public and private educational institutions","PERS_AVG_CLASS","Average class size ","2017","2017",,,"0","Units",,,19.55,,
"FIN","Finland","L1","Primary education (ISCED2011 level 1)","INST_T","All public and private educational institutions","PERS_AVG_CLASS","Average class size ","2018","2018",,,"0","Units",,,19.55,,
"FIN","Finland","L1","Primary education (ISCED2011 level 1)","INST_T","All public and private educational institutions","PERS_RATIO_INST","Ratio of students to teaching staff by type of institutions","2016","2016",,,"0","Units",,,13.322,,
"FIN","Finland","L1","Primary education (ISCED2011 level 1)","INST_T","All public and private educational institutions","PERS_RATIO_INST","Ratio of students to teaching staff by type of institutions","2017","2017",,,"0","Units",,,13.667,,
"FIN","Finland","L1","Primary education (ISCED2011 level 1)","INST_T","All public and private educational institutions","PERS_RATIO_INST","Ratio of students to teaching staff by type of institutions","2018","2018",,,"0","Units",,,13.585,,
"FRA","France","L1","Primary education (ISCED2011 level 1)","INST_T","All public and private educational institutions","PERS_AVG_CLASS","Average class size ","2016","2016",,,"0","Units",,,23.67,,
"FRA","France","L1","Primary education (ISCED2011 level 1)","INST_T","All public and private educational institutions","PERS_AVG_CLASS","Average class size ","2017","2017",,,"0","Units",,,23.664,,
"FRA","France","L1","Primary education (ISCED2011 level 1)","INST_T","All public and private educational institutions","PERS_AVG_CLASS","Average class size ","2018","2018",,,"0","Units",,,23.298,,
"FRA","France","L1","Primary education (ISCED2011 level 1)","INST_T","All public and private educational institutions","PERS_RATIO_INST","Ratio of students to teaching staff by type of institutions","2016","2016",,,"0","Units",,,19.66,,
"FRA","France","L1","Primary education (ISCED2011 level 1)","INST_T","All public and private educational institutions","PERS_RATIO_INST","Ratio of students to teaching staff by type of institutions","2017","2017",,,"0","Units",,,19.457,,
"FRA","France","L1","Primary education (ISCED2011 level 1)","INST_T","All public and private educational institutions","PERS_RATIO_INST","Ratio of students to teaching staff by type of institutions","2018","2018",,,"0","Units",,,19.154,,
"DEU","Germany","L1","Primary education (ISCED2011 level 1)","INST_T","All public and private educational institutions","PERS_AVG_CLASS","Average class size ","2016","2016",,,"0","Units",,,20.765,,
"DEU","Germany","L1","Primary education (ISCED2011 level 1)","INST_T","All public and private educational institutions","PERS_AVG_CLASS","Average class size ","2017","2017",,,"0","Units",,,20.878,,
"DEU","Germany","L1","Primary education (ISCED2011 level 1)","INST_T","All public and private educational institutions","PERS_AVG_CLASS","Average class size ","2018","2018",,,"0","Units",,,20.989,,
"DEU","Germany","L1","Primary education (ISCED2011 level 1)","INST_T","All public and private educational institutions","PERS_RATIO_INST","Ratio of students to teaching staff by type of institutions","2016","2016",,,"0","Units",,,15.322,,
"DEU","Germany","L1","Primary education (ISCED2011 level 1)","INST_T","All public and private educational institutions","PERS_RATIO_INST","Ratio of students to teaching staff by type of institutions","2017","2017",,,"0","Units",,,15.396,,
"DEU","Germany","L1","Primary education (ISCED2011 level 1)","INST_T","All public and private educational institutions","PERS_RATIO_INST","Ratio of students to teaching staff by type of institutions","2018","2018",,,"0","Units",,,15.265,,
"GRC","Greece","L1","Primary education (ISCED2011 level 1)","INST_T","All public and private educational institutions","PERS_AVG_CLASS","Average class size ","2016","2016",,,"0","Units",,,17.327,,
"GRC","Greece","L1","Primary education (ISCED2011 level 1)","INST_T","All public and private educational institutions","PERS_AVG_CLASS","Average class size ","2017","2017",,,"0","Units",,,17.503,,
"GRC","Greece","L1","Primary education (ISCED2011 level 1)","INST_T","All public and private educational institutions","PERS_AVG_CLASS","Average class size ","2018","2018",,,"0","Units",,,17.41,,
"GRC","Greece","L1","Primary education (ISCED2011 level 1)","INST_T","All public and private educational institutions","PERS_RATIO_INST","Ratio of students to teaching staff by type of institutions","2016","2016",,,"0","Units",,,,"M","Missing value; data cannot exist"
"GRC","Greece","L1","Primary education (ISCED2011 level 1)","INST_T","All public and private educational institutions","PERS_RATIO_INST","Ratio of students to teaching staff by type of institutions","2017","2017",,,"0","Units",,,,"M","Missing value; data cannot exist"
"GRC","Greece","L1","Primary education (ISCED2011 level 1)","INST_T","All public and private educational institutions","PERS_RATIO_INST","Ratio of students to teaching staff by type of institutions","2018","2018",,,"0","Units",,,9.219,,
"HUN","Hungary","L1","Primary education (ISCED2011 level 1)","INST_T","All public and private educational institutions","PERS_AVG_CLASS","Average class size ","2016","2016",,,"0","Units",,,21.231,,
"HUN","Hungary","L1","Primary education (ISCED2011 level 1)","INST_T","All public and private educational institutions","PERS_AVG_CLASS","Average class size ","2017","2017",,,"0","Units",,,21.977,,
"HUN","Hungary","L1","Primary education (ISCED2011 level 1)","INST_T","All public and private educational institutions","PERS_AVG_CLASS","Average class size ","2018","2018",,,"0","Units",,,21.77,,
"HUN","Hungary","L1","Primary education (ISCED2011 level 1)","INST_T","All public and private educational institutions","PERS_RATIO_INST","Ratio of students to teaching staff by type of institutions","2016","2016",,,"0","Units",,,11.015,,
"HUN","Hungary","L1","Primary education (ISCED2011 level 1)","INST_T","All public and private educational institutions","PERS_RATIO_INST","Ratio of students to teaching staff by type of institutions","2017","2017",,,"0","Units",,,10.8,,
"HUN","Hungary","L1","Primary education (ISCED2011 level 1)","INST_T","All public and private educational institutions","PERS_RATIO_INST","Ratio of students to teaching staff by type of institutions","2018","2018",,,"0","Units",,,10.176,,
"ISL","Iceland","L1","Primary education (ISCED2011 level 1)","INST_T","All public and private educational institutions","PERS_AVG_CLASS","Average class size ","2016","2016",,,"0","Units",,,18.798,,
"ISL","Iceland","L1","Primary education (ISCED2011 level 1)","INST_T","All public and private educational institutions","PERS_AVG_CLASS","Average class size ","2017","2017",,,"0","Units",,,19.151,,
"ISL","Iceland","L1","Primary education (ISCED2011 level 1)","INST_T","All public and private educational institutions","PERS_AVG_CLASS","Average class size ","2018","2018",,,"0","Units",,,18.896,,
"ISL","Iceland","L1","Primary education (ISCED2011 level 1)","INST_T","All public and private educational institutions","PERS_RATIO_INST","Ratio of students to teaching staff by type of institutions","2016","2016",,,"0","Units",,,10.845,,
"ISL","Iceland","L1","Primary education (ISCED2011 level 1)","INST_T","All public and private educational institutions","PERS_RATIO_INST","Ratio of students to teaching staff by type of institutions","2017","2017",,,"0","Units",,,11.068,,
"ISL","Iceland","L1","Primary education (ISCED2011 level 1)","INST_T","All public and private educational institutions","PERS_RATIO_INST","Ratio of students to teaching staff by type of institutions","2018","2018",,,"0","Units",,,11.016,,
"IRL","Ireland","L1","Primary education (ISCED2011 level 1)","INST_T","All public and private educational institutions","PERS_AVG_CLASS","Average class size ","2016","2016",,,"0","Units",,,,"M","Missing value; data cannot exist"
"IRL","Ireland","L1","Primary education (ISCED2011 level 1)","INST_T","All public and private educational institutions","PERS_AVG_CLASS","Average class size ","2017","2017",,,"0","Units",,,,"M","Missing value; data cannot exist"
"IRL","Ireland","L1","Primary education (ISCED2011 level 1)","INST_T","All public and private educational institutions","PERS_AVG_CLASS","Average class size ","2018","2018",,,"0","Units",,,,"M","Missing value; data cannot exist"
"IRL","Ireland","L1","Primary education (ISCED2011 level 1)","INST_T","All public and private educational institutions","PERS_RATIO_INST","Ratio of students to teaching staff by type of institutions","2016","2016",,,"0","Units",,,,"M","Missing value; data cannot exist"
"IRL","Ireland","L1","Primary education (ISCED2011 level 1)","INST_T","All public and private educational institutions","PERS_RATIO_INST","Ratio of students to teaching staff by type of institutions","2017","2017",,,"0","Units",,,15.653,,
"IRL","Ireland","L1","Primary education (ISCED2011 level 1)","INST_T","All public and private educational institutions","PERS_RATIO_INST","Ratio of students to teaching staff by type of institutions","2018","2018",,,"0","Units",,,15.254,,
"ITA","Italy","L1","Primary education (ISCED2011 level 1)","INST_T","All public and private educational institutions","PERS_AVG_CLASS","Average class size ","2016","2016",,,"0","Units",,,19.207,,
"ITA","Italy","L1","Primary education (ISCED2011 level 1)","INST_T","All public and private educational institutions","PERS_AVG_CLASS","Average class size ","2017","2017",,,"0","Units",,,19.101,,
"ITA","Italy","L1","Primary education (ISCED2011 level 1)","INST_T","All public and private educational institutions","PERS_AVG_CLASS","Average class size ","2018","2018",,,"0","Units",,,18.997,,
"ITA","Italy","L1","Primary education (ISCED2011 level 1)","INST_T","All public and private educational institutions","PERS_RATIO_INST","Ratio of students to teaching staff by type of institutions","2016","2016",,,"0","Units",,,11.434,,
"ITA","Italy","L1","Primary education (ISCED2011 level 1)","INST_T","All public and private educational institutions","PERS_RATIO_INST","Ratio of students to teaching staff by type of institutions","2017","2017",,,"0","Units",,,11.653,,
"ITA","Italy","L1","Primary education (ISCED2011 level 1)","INST_T","All public and private educational institutions","PERS_RATIO_INST","Ratio of students to teaching staff by type of institutions","2018","2018",,,"0","Units",,,11.527,,
"JPN","Japan","L1","Primary education (ISCED2011 level 1)","INST_T","All public and private educational institutions","PERS_AVG_CLASS","Average class size ","2016","2016",,,"0","Units",,,27.257,,
"JPN","Japan","L1","Primary education (ISCED2011 level 1)","INST_T","All public and private educational institutions","PERS_AVG_CLASS","Average class size ","2017","2017",,,"0","Units",,,27.245,,
"JPN","Japan","L1","Primary education (ISCED2011 level 1)","INST_T","All public and private educational institutions","PERS_AVG_CLASS","Average class size ","2018","2018",,,"0","Units",,,27.203,,
"JPN","Japan","L1","Primary education (ISCED2011 level 1)","INST_T","All public and private educational institutions","PERS_RATIO_INST","Ratio of students to teaching staff by type of institutions","2016","2016",,,"0","Units",,,16.635,,
"JPN","Japan","L1","Primary education (ISCED2011 level 1)","INST_T","All public and private educational institutions","PERS_RATIO_INST","Ratio of students to teaching staff by type of institutions","2017","2017",,,"0","Units",,,16.427,,
"JPN","Japan","L1","Primary education (ISCED2011 level 1)","INST_T","All public and private educational institutions","PERS_RATIO_INST","Ratio of students to teaching staff by type of institutions","2018","2018",,,"0","Units",,,16.174,,
"KOR","Korea","L1","Primary education (ISCED2011 level 1)","INST_T","All public and private educational institutions","PERS_AVG_CLASS","Average class size ","2016","2016",,,"0","Units",,,23.159,,
"KOR","Korea","L1","Primary education (ISCED2011 level 1)","INST_T","All public and private educational institutions","PERS_AVG_CLASS","Average class size ","2017","2017",,,"0","Units",,,23.061,,
"KOR","Korea","L1","Primary education (ISCED2011 level 1)","INST_T","All public and private educational institutions","PERS_AVG_CLASS","Average class size ","2018","2018",,,"0","Units",,,23.083,,
"KOR","Korea","L1","Primary education (ISCED2011 level 1)","INST_T","All public and private educational institutions","PERS_RATIO_INST","Ratio of students to teaching staff by type of institutions","2016","2016",,,"0","Units",,,16.466,,
"KOR","Korea","L1","Primary education (ISCED2011 level 1)","INST_T","All public and private educational institutions","PERS_RATIO_INST","Ratio of students to teaching staff by type of institutions","2017","2017",,,"0","Units",,,16.421,,
"KOR","Korea","L1","Primary education (ISCED2011 level 1)","INST_T","All public and private educational institutions","PERS_RATIO_INST","Ratio of students to teaching staff by type of institutions","2018","2018",,,"0","Units",,,16.506,,
"LUX","Luxembourg","L1","Primary education (ISCED2011 level 1)","INST_T","All public and private educational institutions","PERS_AVG_CLASS","Average class size ","2017","2017",,,"0","Units",,,15.869,,
"LUX","Luxembourg","L1","Primary education (ISCED2011 level 1)","INST_T","All public and private educational institutions","PERS_AVG_CLASS","Average class size ","2018","2018",,,"0","Units",,,,"M","Missing value; data cannot exist"
"LUX","Luxembourg","L1","Primary education (ISCED2011 level 1)","INST_T","All public and private educational institutions","PERS_RATIO_INST","Ratio of students to teaching staff by type of institutions","2016","2016",,,"0","Units",,,10.52,,
"LUX","Luxembourg","L1","Primary education (ISCED2011 level 1)","INST_T","All public and private educational institutions","PERS_RATIO_INST","Ratio of students to teaching staff by type of institutions","2017","2017",,,"0","Units",,,9.01,,
"LUX","Luxembourg","L1","Primary education (ISCED2011 level 1)","INST_T","All public and private educational institutions","PERS_RATIO_INST","Ratio of students to teaching staff by type of institutions","2018","2018",,,"0","Units",,,9.049,,
"MEX","Mexico","L1","Primary education (ISCED2011 level 1)","INST_T","All public and private educational institutions","PERS_AVG_CLASS","Average class size ","2016","2016",,,"0","Units",,,23.325,,
"MEX","Mexico","L1","Primary education (ISCED2011 level 1)","INST_T","All public and private educational institutions","PERS_AVG_CLASS","Average class size ","2017","2017",,,"0","Units",,,23.922,,
"MEX","Mexico","L1","Primary education (ISCED2011 level 1)","INST_T","All public and private educational institutions","PERS_AVG_CLASS","Average class size ","2018","2018",,,"0","Units",,,24.204,,
"MEX","Mexico","L1","Primary education (ISCED2011 level 1)","INST_T","All public and private educational institutions","PERS_RATIO_INST","Ratio of students to teaching staff by type of institutions","2016","2016",,,"0","Units",,,26.742,,
"MEX","Mexico","L1","Primary education (ISCED2011 level 1)","INST_T","All public and private educational institutions","PERS_RATIO_INST","Ratio of students to teaching staff by type of institutions","2017","2017",,,"0","Units",,,26.552,,
"MEX","Mexico","L1","Primary education (ISCED2011 level 1)","INST_T","All public and private educational institutions","PERS_RATIO_INST","Ratio of students to teaching staff by type of institutions","2018","2018",,,"0","Units",,,26.41,,
"NLD","Netherlands","L1","Primary education (ISCED2011 level 1)","INST_T","All public and private educational institutions","PERS_AVG_CLASS","Average class size ","2016","2016",,,"0","Units",,,,"M","Missing value; data cannot exist"
"NLD","Netherlands","L1","Primary education (ISCED2011 level 1)","INST_T","All public and private educational institutions","PERS_AVG_CLASS","Average class size ","2017","2017",,,"0","Units",,,,"M","Missing value; data cannot exist"
"NLD","Netherlands","L1","Primary education (ISCED2011 level 1)","INST_T","All public and private educational institutions","PERS_AVG_CLASS","Average class size ","2018","2018",,,"0","Units",,,,"M","Missing value; data cannot exist"
"NLD","Netherlands","L1","Primary education (ISCED2011 level 1)","INST_T","All public and private educational institutions","PERS_RATIO_INST","Ratio of students to teaching staff by type of institutions","2016","2016",,,"0","Units",,,16.774,,
"NLD","Netherlands","L1","Primary education (ISCED2011 level 1)","INST_T","All public and private educational institutions","PERS_RATIO_INST","Ratio of students to teaching staff by type of institutions","2017","2017",,,"0","Units",,,16.65,,
"NLD","Netherlands","L1","Primary education (ISCED2011 level 1)","INST_T","All public and private educational institutions","PERS_RATIO_INST","Ratio of students to teaching staff by type of institutions","2018","2018",,,"0","Units",,,16.414,,
"NZL","New Zealand","L1","Primary education (ISCED2011 level 1)","INST_T","All public and private educational institutions","PERS_AVG_CLASS","Average class size ","2016","2016",,,"0","Units",,,,"M","Missing value; data cannot exist"
"NZL","New Zealand","L1","Primary education (ISCED2011 level 1)","INST_T","All public and private educational institutions","PERS_AVG_CLASS","Average class size ","2017","2017",,,"0","Units",,,,"M","Missing value; data cannot exist"
"NZL","New Zealand","L1","Primary education (ISCED2011 level 1)","INST_T","All public and private educational institutions","PERS_AVG_CLASS","Average class size ","2018","2018",,,"0","Units",,,,"M","Missing value; data cannot exist"
"NZL","New Zealand","L1","Primary education (ISCED2011 level 1)","INST_T","All public and private educational institutions","PERS_RATIO_INST","Ratio of students to teaching staff by type of institutions","2016","2016",,,"0","Units",,,16.571,,
"NZL","New Zealand","L1","Primary education (ISCED2011 level 1)","INST_T","All public and private educational institutions","PERS_RATIO_INST","Ratio of students to teaching staff by type of institutions","2017","2017",,,"0","Units",,,16.903,,
"NZL","New Zealand","L1","Primary education (ISCED2011 level 1)","INST_T","All public and private educational institutions","PERS_RATIO_INST","Ratio of students to teaching staff by type of institutions","2018","2018",,,"0","Units",,,16.833,,
"NOR","Norway","L1","Primary education (ISCED2011 level 1)","INST_T","All public and private educational institutions","PERS_AVG_CLASS","Average class size ","2016","2016",,,"0","Units",,,,"z","Not applicable"
"NOR","Norway","L1","Primary education (ISCED2011 level 1)","INST_T","All public and private educational institutions","PERS_AVG_CLASS","Average class size ","2017","2017",,,"0","Units",,,,"z","Not applicable"
"NOR","Norway","L1","Primary education (ISCED2011 level 1)","INST_T","All public and private educational institutions","PERS_AVG_CLASS","Average class size ","2018","2018",,,"0","Units",,,,"z","Not applicable"
"NOR","Norway","L1","Primary education (ISCED2011 level 1)","INST_T","All public and private educational institutions","PERS_RATIO_INST","Ratio of students to teaching staff by type of institutions","2016","2016",,,"0","Units",,,10.148,,
"NOR","Norway","L1","Primary education (ISCED2011 level 1)","INST_T","All public and private educational institutions","PERS_RATIO_INST","Ratio of students to teaching staff by type of institutions","2017","2017",,,"0","Units",,,10.163,,
"NOR","Norway","L1","Primary education (ISCED2011 level 1)","INST_T","All public and private educational institutions","PERS_RATIO_INST","Ratio of students to teaching staff by type of institutions","2018","2018",,,"0","Units",,,10.095,,
"POL","Poland","L1","Primary education (ISCED2011 level 1)","INST_T","All public and private educational institutions","PERS_AVG_CLASS","Average class size ","2016","2016",,,"0","Units",,,18.658,,
"POL","Poland","L1","Primary education (ISCED2011 level 1)","INST_T","All public and private educational institutions","PERS_AVG_CLASS","Average class size ","2017","2017",,,"0","Units",,,18.08,,
"POL","Poland","L1","Primary education (ISCED2011 level 1)","INST_T","All public and private educational institutions","PERS_AVG_CLASS","Average class size ","2018","2018",,,"0","Units",,,17.818,,
"POL","Poland","L1","Primary education (ISCED2011 level 1)","INST_T","All public and private educational institutions","PERS_RATIO_INST","Ratio of students to teaching staff by type of institutions","2016","2016",,,"0","Units",,,11.357,,
"POL","Poland","L1","Primary education (ISCED2011 level 1)","INST_T","All public and private educational institutions","PERS_RATIO_INST","Ratio of students to teaching staff by type of institutions","2017","2017",,,"0","Units",,,10.741,,
"POL","Poland","L1","Primary education (ISCED2011 level 1)","INST_T","All public and private educational institutions","PERS_RATIO_INST","Ratio of students to teaching staff by type of institutions","2018","2018",,,"0","Units",,,9.602,,
"PRT","Portugal","L1","Primary education (ISCED2011 level 1)","INST_T","All public and private educational institutions","PERS_AVG_CLASS","Average class size ","2016","2016",,,"0","Units",,,21.15,,
"PRT","Portugal","L1","Primary education (ISCED2011 level 1)","INST_T","All public and private educational institutions","PERS_AVG_CLASS","Average class size ","2017","2017",,,"0","Units",,,21.215,,
"PRT","Portugal","L1","Primary education (ISCED2011 level 1)","INST_T","All public and private educational institutions","PERS_AVG_CLASS","Average class size ","2018","2018",,,"0","Units",,,21.113,,
"PRT","Portugal","L1","Primary education (ISCED2011 level 1)","INST_T","All public and private educational institutions","PERS_RATIO_INST","Ratio of students to teaching staff by type of institutions","2016","2016",,,"0","Units",,,13.121,,
"PRT","Portugal","L1","Primary education (ISCED2011 level 1)","INST_T","All public and private educational institutions","PERS_RATIO_INST","Ratio of students to teaching staff by type of institutions","2017","2017",,,"0","Units",,,12.675,,
"PRT","Portugal","L1","Primary education (ISCED2011 level 1)","INST_T","All public and private educational institutions","PERS_RATIO_INST","Ratio of students to teaching staff by type of institutions","2018","2018",,,"0","Units",,,12.421,,
"SVK","Slovak Republic","L1","Primary education (ISCED2011 level 1)","INST_T","All public and private educational institutions","PERS_AVG_CLASS","Average class size ","2016","2016",,,"0","Units",,,17.991,,
"SVK","Slovak Republic","L1","Primary education (ISCED2011 level 1)","INST_T","All public and private educational institutions","PERS_AVG_CLASS","Average class size ","2017","2017",,,"0","Units",,,18.224,,
"SVK","Slovak Republic","L1","Primary education (ISCED2011 level 1)","INST_T","All public and private educational institutions","PERS_AVG_CLASS","Average class size ","2018","2018",,,"0","Units",,,18.3,,
"SVK","Slovak Republic","L1","Primary education (ISCED2011 level 1)","INST_T","All public and private educational institutions","PERS_RATIO_INST","Ratio of students to teaching staff by type of institutions","2016","2016",,,"0","Units",,,17.069,,
"SVK","Slovak Republic","L1","Primary education (ISCED2011 level 1)","INST_T","All public and private educational institutions","PERS_RATIO_INST","Ratio of students to teaching staff by type of institutions","2017","2017",,,"0","Units",,,17.399,,
"SVK","Slovak Republic","L1","Primary education (ISCED2011 level 1)","INST_T","All public and private educational institutions","PERS_RATIO_INST","Ratio of students to teaching staff by type of institutions","2018","2018",,,"0","Units",,,17.524,,
"ESP","Spain","L1","Primary education (ISCED2011 level 1)","INST_T","All public and private educational institutions","PERS_AVG_CLASS","Average class size ","2016","2016",,,"0","Units",,,21.875,,
"ESP","Spain","L1","Primary education (ISCED2011 level 1)","INST_T","All public and private educational institutions","PERS_AVG_CLASS","Average class size ","2017","2017",,,"0","Units",,,21.916,,
"ESP","Spain","L1","Primary education (ISCED2011 level 1)","INST_T","All public and private educational institutions","PERS_AVG_CLASS","Average class size ","2018","2018",,,"0","Units",,,21.867,,
"ESP","Spain","L1","Primary education (ISCED2011 level 1)","INST_T","All public and private educational institutions","PERS_RATIO_INST","Ratio of students to teaching staff by type of institutions","2016","2016",,,"0","Units",,,13.564,,
"ESP","Spain","L1","Primary education (ISCED2011 level 1)","INST_T","All public and private educational institutions","PERS_RATIO_INST","Ratio of students to teaching staff by type of institutions","2017","2017",,,"0","Units",,,13.646,,
"ESP","Spain","L1","Primary education (ISCED2011 level 1)","INST_T","All public and private educational institutions","PERS_RATIO_INST","Ratio of students to teaching staff by type of institutions","2018","2018",,,"0","Units",,,13.607,,
"SWE","Sweden","L1","Primary education (ISCED2011 level 1)","INST_T","All public and private educational institutions","PERS_AVG_CLASS","Average class size ","2016","2016",,,"0","Units",,,19.04,,
"SWE","Sweden","L1","Primary education (ISCED2011 level 1)","INST_T","All public and private educational institutions","PERS_AVG_CLASS","Average class size ","2017","2017",,,"0","Units",,,19.451,,
"SWE","Sweden","L1","Primary education (ISCED2011 level 1)","INST_T","All public and private educational institutions","PERS_AVG_CLASS","Average class size ","2018","2018",,,"0","Units",,,19.856,,
"SWE","Sweden","L1","Primary education (ISCED2011 level 1)","INST_T","All public and private educational institutions","PERS_RATIO_INST","Ratio of students to teaching staff by type of institutions","2016","2016",,,"0","Units",,,13.055,,
"SWE","Sweden","L1","Primary education (ISCED2011 level 1)","INST_T","All public and private educational institutions","PERS_RATIO_INST","Ratio of students to teaching staff by type of institutions","2017","2017",,,"0","Units",,,12.827,,
"SWE","Sweden","L1","Primary education (ISCED2011 level 1)","INST_T","All public and private educational institutions","PERS_RATIO_INST","Ratio of students to teaching staff by type of institutions","2018","2018",,,"0","Units",,,13.646,,
"CHE","Switzerland","L1","Primary education (ISCED2011 level 1)","INST_T","All public and private educational institutions","PERS_AVG_CLASS","Average class size ","2016","2016",,,"0","Units",,,,"M","Missing value; data cannot exist"
"CHE","Switzerland","L1","Primary education (ISCED2011 level 1)","INST_T","All public and private educational institutions","PERS_AVG_CLASS","Average class size ","2017","2017",,,"0","Units",,,,"M","Missing value; data cannot exist"
"CHE","Switzerland","L1","Primary education (ISCED2011 level 1)","INST_T","All public and private educational institutions","PERS_AVG_CLASS","Average class size ","2018","2018",,,"0","Units",,,,"M","Missing value; data cannot exist"
"CHE","Switzerland","L1","Primary education (ISCED2011 level 1)","INST_T","All public and private educational institutions","PERS_RATIO_INST","Ratio of students to teaching staff by type of institutions","2016","2016",,,"0","Units",,,,"M","Missing value; data cannot exist"
"CHE","Switzerland","L1","Primary education (ISCED2011 level 1)","INST_T","All public and private educational institutions","PERS_RATIO_INST","Ratio of students to teaching staff by type of institutions","2017","2017",,,"0","Units",,,15.299,,
"CHE","Switzerland","L1","Primary education (ISCED2011 level 1)","INST_T","All public and private educational institutions","PERS_RATIO_INST","Ratio of students to teaching staff by type of institutions","2018","2018",,,"0","Units",,,15.223,,
"TUR","Turkey","L1","Primary education (ISCED2011 level 1)","INST_T","All public and private educational institutions","PERS_AVG_CLASS","Average class size ","2016","2016",,,"0","Units",,,22.079,,
"TUR","Turkey","L1","Primary education (ISCED2011 level 1)","INST_T","All public and private educational institutions","PERS_AVG_CLASS","Average class size ","2017","2017",,,"0","Units",,,21.444,,
"TUR","Turkey","L1","Primary education (ISCED2011 level 1)","INST_T","All public and private educational institutions","PERS_AVG_CLASS","Average class size ","2018","2018",,,"0","Units",,,22.391,,
"TUR","Turkey","L1","Primary education (ISCED2011 level 1)","INST_T","All public and private educational institutions","PERS_RATIO_INST","Ratio of students to teaching staff by type of institutions","2016","2016",,,"0","Units",,,17.694,,
"TUR","Turkey","L1","Primary education (ISCED2011 level 1)","INST_T","All public and private educational institutions","PERS_RATIO_INST","Ratio of students to teaching staff by type of institutions","2017","2017",,,"0","Units",,,16.978,,
"TUR","Turkey","L1","Primary education (ISCED2011 level 1)","INST_T","All public and private educational institutions","PERS_RATIO_INST","Ratio of students to teaching staff by type of institutions","2018","2018",,,"0","Units",,,17.177,,
"GBR","United Kingdom","L1","Primary education (ISCED2011 level 1)","INST_T","All public and private educational institutions","PERS_AVG_CLASS","Average class size ","2016","2016",,,"0","Units",,,25.937,,
"GBR","United Kingdom","L1","Primary education (ISCED2011 level 1)","INST_T","All public and private educational institutions","PERS_AVG_CLASS","Average class size ","2017","2017",,,"0","Units",,,26.655,,
"GBR","United Kingdom","L1","Primary education (ISCED2011 level 1)","INST_T","All public and private educational institutions","PERS_AVG_CLASS","Average class size ","2018","2018",,,"0","Units",,,25.993,,
"GBR","United Kingdom","L1","Primary education (ISCED2011 level 1)","INST_T","All public and private educational institutions","PERS_RATIO_INST","Ratio of students to teaching staff by type of institutions","2016","2016",,,"0","Units",,,16.946,,
"GBR","United Kingdom","L1","Primary education (ISCED2011 level 1)","INST_T","All public and private educational institutions","PERS_RATIO_INST","Ratio of students to teaching staff by type of institutions","2017","2017",,,"0","Units",,,16.895,,
"GBR","United Kingdom","L1","Primary education (ISCED2011 level 1)","INST_T","All public and private educational institutions","PERS_RATIO_INST","Ratio of students to teaching staff by type of institutions","2018","2018",,,"0","Units",,,19.894,,
"USA","United States","L1","Primary education (ISCED2011 level 1)","INST_T","All public and private educational institutions","PERS_AVG_CLASS","Average class size ","2016","2016",,,"0","Units",,,20.846,,
"USA","United States","L1","Primary education (ISCED2011 level 1)","INST_T","All public and private educational institutions","PERS_AVG_CLASS","Average class size ","2017","2017",,,"0","Units",,,20.842,,
"USA","United States","L1","Primary education (ISCED2011 level 1)","INST_T","All public and private educational institutions","PERS_AVG_CLASS","Average class size ","2018","2018",,,"0","Units",,,20.85,,
"USA","United States","L1","Primary education (ISCED2011 level 1)","INST_T","All public and private educational institutions","PERS_RATIO_INST","Ratio of students to teaching staff by type of institutions","2016","2016",,,"0","Units",,,15.216,,
"USA","United States","L1","Primary education (ISCED2011 level 1)","INST_T","All public and private educational institutions","PERS_RATIO_INST","Ratio of students to teaching staff by type of institutions","2017","2017",,,"0","Units",,,15.182,,
"USA","United States","L1","Primary education (ISCED2011 level 1)","INST_T","All public and private educational institutions","PERS_RATIO_INST","Ratio of students to teaching staff by type of institutions","2018","2018",,,"0","Units",,,15.224,,
"ARG","Argentina","L1","Primary education (ISCED2011 level 1)","INST_T","All public and private educational institutions","PERS_RATIO_INST","Ratio of students to teaching staff by type of institutions","2016","2016",,,"0","Units",,,,"M","Missing value; data cannot exist"
"ARG","Argentina","L1","Primary education (ISCED2011 level 1)","INST_T","All public and private educational institutions","PERS_RATIO_INST","Ratio of students to teaching staff by type of institutions","2017","2017",,,"0","Units",,,,"M","Missing value; data cannot exist"
"BRA","Brazil","L1","Primary education (ISCED2011 level 1)","INST_T","All public and private educational institutions","PERS_AVG_CLASS","Average class size ","2016","2016",,,"0","Units",,,22.863,,
"BRA","Brazil","L1","Primary education (ISCED2011 level 1)","INST_T","All public and private educational institutions","PERS_AVG_CLASS","Average class size ","2017","2017",,,"0","Units",,,22.783,,
"BRA","Brazil","L1","Primary education (ISCED2011 level 1)","INST_T","All public and private educational institutions","PERS_AVG_CLASS","Average class size ","2018","2018",,,"0","Units",,,22.793,,
"BRA","Brazil","L1","Primary education (ISCED2011 level 1)","INST_T","All public and private educational institutions","PERS_RATIO_INST","Ratio of students to teaching staff by type of institutions","2016","2016",,,"0","Units",,,24.443,,
"BRA","Brazil","L1","Primary education (ISCED2011 level 1)","INST_T","All public and private educational institutions","PERS_RATIO_INST","Ratio of students to teaching staff by type of institutions","2017","2017",,,"0","Units",,,24.259,,
"BRA","Brazil","L1","Primary education (ISCED2011 level 1)","INST_T","All public and private educational institutions","PERS_RATIO_INST","Ratio of students to teaching staff by type of institutions","2018","2018",,,"0","Units",,,23.914,,
"CHL","Chile","L1","Primary education (ISCED2011 level 1)","INST_T","All public and private educational institutions","PERS_AVG_CLASS","Average class size ","2016","2016",,,"0","Units",,,30.377,,
"CHL","Chile","L1","Primary education (ISCED2011 level 1)","INST_T","All public and private educational institutions","PERS_AVG_CLASS","Average class size ","2017","2017",,,"0","Units",,,30.501,,
"CHL","Chile","L1","Primary education (ISCED2011 level 1)","INST_T","All public and private educational institutions","PERS_AVG_CLASS","Average class size ","2018","2018",,,"0","Units",,,30.814,,
"CHL","Chile","L1","Primary education (ISCED2011 level 1)","INST_T","All public and private educational institutions","PERS_RATIO_INST","Ratio of students to teaching staff by type of institutions","2016","2016",,,"0","Units",,,20.293,,
"CHL","Chile","L1","Primary education (ISCED2011 level 1)","INST_T","All public and private educational institutions","PERS_RATIO_INST","Ratio of students to teaching staff by type of institutions","2017","2017",,,"0","Units",,,19.77,,
"CHL","Chile","L1","Primary education (ISCED2011 level 1)","INST_T","All public and private educational institutions","PERS_RATIO_INST","Ratio of students to teaching staff by type of institutions","2018","2018",,,"0","Units",,,19.411,,
"CHN","China (People's Republic of)","L1","Primary education (ISCED2011 level 1)","INST_T","All public and private educational institutions","PERS_RATIO_INST","Ratio of students to teaching staff by type of institutions","2016","2016",,,"0","Units",,,16.549,,
"CHN","China (People's Republic of)","L1","Primary education (ISCED2011 level 1)","INST_T","All public and private educational institutions","PERS_RATIO_INST","Ratio of students to teaching staff by type of institutions","2017","2017",,,"0","Units",,,16.594,,
"CHN","China (People's Republic of)","L1","Primary education (ISCED2011 level 1)","INST_T","All public and private educational institutions","PERS_RATIO_INST","Ratio of students to teaching staff by type of institutions","2018","2018",,,"0","Units",,,16.427,,
"COL","Colombia","L1","Primary education (ISCED2011 level 1)","INST_T","All public and private educational institutions","PERS_AVG_CLASS","Average class size ","2016","2016",,,"0","Units",,,23.118,,
"COL","Colombia","L1","Primary education (ISCED2011 level 1)","INST_T","All public and private educational institutions","PERS_AVG_CLASS","Average class size ","2017","2017",,,"0","Units",,,23.111,,
"COL","Colombia","L1","Primary education (ISCED2011 level 1)","INST_T","All public and private educational institutions","PERS_AVG_CLASS","Average class size ","2018","2018",,,"0","Units",,,22.985,,
"COL","Colombia","L1","Primary education (ISCED2011 level 1)","INST_T","All public and private educational institutions","PERS_RATIO_INST","Ratio of students to teaching staff by type of institutions","2016","2016",,,"0","Units",,,24.231,,
"COL","Colombia","L1","Primary education (ISCED2011 level 1)","INST_T","All public and private educational institutions","PERS_RATIO_INST","Ratio of students to teaching staff by type of institutions","2017","2017",,,"0","Units",,,23.601,,
"COL","Colombia","L1","Primary education (ISCED2011 level 1)","INST_T","All public and private educational institutions","PERS_RATIO_INST","Ratio of students to teaching staff by type of institutions","2018","2018",,,"0","Units",,,23.302,,
"CRI","Costa Rica","L1","Primary education (ISCED2011 level 1)","INST_T","All public and private educational institutions","PERS_AVG_CLASS","Average class size ","2016","2016",,,"0","Units",,,15.417,,
"CRI","Costa Rica","L1","Primary education (ISCED2011 level 1)","INST_T","All public and private educational institutions","PERS_AVG_CLASS","Average class size ","2017","2017",,,"0","Units",,,15.353,,
"CRI","Costa Rica","L1","Primary education (ISCED2011 level 1)","INST_T","All public and private educational institutions","PERS_AVG_CLASS","Average class size ","2018","2018",,,"0","Units",,,15.669,,
"CRI","Costa Rica","L1","Primary education (ISCED2011 level 1)","INST_T","All public and private educational institutions","PERS_RATIO_INST","Ratio of students to teaching staff by type of institutions","2016","2016",,,"0","Units",,,11.979,,
"CRI","Costa Rica","L1","Primary education (ISCED2011 level 1)","INST_T","All public and private educational institutions","PERS_RATIO_INST","Ratio of students to teaching staff by type of institutions","2017","2017",,,"0","Units",,,11.643,,
"CRI","Costa Rica","L1","Primary education (ISCED2011 level 1)","INST_T","All public and private educational institutions","PERS_RATIO_INST","Ratio of students to teaching staff by type of institutions","2018","2018",,,"0","Units",,,11.575,,
"EST","Estonia","L1","Primary education (ISCED2011 level 1)","INST_T","All public and private educational institutions","PERS_AVG_CLASS","Average class size ","2016","2016",,,"0","Units",,,18.881,,
"EST","Estonia","L1","Primary education (ISCED2011 level 1)","INST_T","All public and private educational institutions","PERS_AVG_CLASS","Average class size ","2017","2017",,,"0","Units",,,18.952,,
"EST","Estonia","L1","Primary education (ISCED2011 level 1)","INST_T","All public and private educational institutions","PERS_AVG_CLASS","Average class size ","2018","2018",,,"0","Units",,,18.961,,
"EST","Estonia","L1","Primary education (ISCED2011 level 1)","INST_T","All public and private educational institutions","PERS_RATIO_INST","Ratio of students to teaching staff by type of institutions","2016","2016",,,"0","Units",,,13.192,,
"EST","Estonia","L1","Primary education (ISCED2011 level 1)","INST_T","All public and private educational institutions","PERS_RATIO_INST","Ratio of students to teaching staff by type of institutions","2017","2017",,,"0","Units",,,13.192,,
"EST","Estonia","L1","Primary education (ISCED2011 level 1)","INST_T","All public and private educational institutions","PERS_RATIO_INST","Ratio of students to teaching staff by type of institutions","2018","2018",,,"0","Units",,,13.146,,
"IND","India","L1","Primary education (ISCED2011 level 1)","INST_T","All public and private educational institutions","PERS_RATIO_INST","Ratio of students to teaching staff by type of institutions","2016","2016",,,"0","Units",,,35.216,,
"IND","India","L1","Primary education (ISCED2011 level 1)","INST_T","All public and private educational institutions","PERS_RATIO_INST","Ratio of students to teaching staff by type of institutions","2017","2017",,,"0","Units",,,32.75,,
"IND","India","L1","Primary education (ISCED2011 level 1)","INST_T","All public and private educational institutions","PERS_RATIO_INST","Ratio of students to teaching staff by type of institutions","2018","2018",,,"0","Units",,,,"M","Missing value; data cannot exist"
"IDN","Indonesia","L1","Primary education (ISCED2011 level 1)","INST_T","All public and private educational institutions","PERS_RATIO_INST","Ratio of students to teaching staff by type of institutions","2016","2016",,,"0","Units",,,13.978,,
"IDN","Indonesia","L1","Primary education (ISCED2011 level 1)","INST_T","All public and private educational institutions","PERS_RATIO_INST","Ratio of students to teaching staff by type of institutions","2017","2017",,,"0","Units",,,16.064,,
"IDN","Indonesia","L1","Primary education (ISCED2011 level 1)","INST_T","All public and private educational institutions","PERS_RATIO_INST","Ratio of students to teaching staff by type of institutions","2018","2018",,,"0","Units",,,17.035,,
"ISR","Israel","L1","Primary education (ISCED2011 level 1)","INST_T","All public and private educational institutions","PERS_AVG_CLASS","Average class size ","2016","2016",,,"0","Units",,,26.707,,
"ISR","Israel","L1","Primary education (ISCED2011 level 1)","INST_T","All public and private educational institutions","PERS_AVG_CLASS","Average class size ","2017","2017",,,"0","Units",,,26.534,,
"ISR","Israel","L1","Primary education (ISCED2011 level 1)","INST_T","All public and private educational institutions","PERS_AVG_CLASS","Average class size ","2018","2018",,,"0","Units",,,26.395,,
"ISR","Israel","L1","Primary education (ISCED2011 level 1)","INST_T","All public and private educational institutions","PERS_RATIO_INST","Ratio of students to teaching staff by type of institutions","2016","2016",,,"0","Units",,,15.418,,
"ISR","Israel","L1","Primary education (ISCED2011 level 1)","INST_T","All public and private educational institutions","PERS_RATIO_INST","Ratio of students to teaching staff by type of institutions","2017","2017",,,"0","Units",,,15.172,,
"ISR","Israel","L1","Primary education (ISCED2011 level 1)","INST_T","All public and private educational institutions","PERS_RATIO_INST","Ratio of students to teaching staff by type of institutions","2018","2018",,,"0","Units",,,15.434,,
"LVA","Latvia","L1","Primary education (ISCED2011 level 1)","INST_T","All public and private educational institutions","PERS_AVG_CLASS","Average class size ","2016","2016",,,"0","Units",,,16.127,,
"LVA","Latvia","L1","Primary education (ISCED2011 level 1)","INST_T","All public and private educational institutions","PERS_AVG_CLASS","Average class size ","2017","2017",,,"0","Units",,,16.347,,
"LVA","Latvia","L1","Primary education (ISCED2011 level 1)","INST_T","All public and private educational institutions","PERS_AVG_CLASS","Average class size ","2018","2018",,,"0","Units",,,16.454,,
"LVA","Latvia","L1","Primary education (ISCED2011 level 1)","INST_T","All public and private educational institutions","PERS_RATIO_INST","Ratio of students to teaching staff by type of institutions","2016","2016",,,"0","Units",,,11.33,,
"LVA","Latvia","L1","Primary education (ISCED2011 level 1)","INST_T","All public and private educational institutions","PERS_RATIO_INST","Ratio of students to teaching staff by type of institutions","2017","2017",,,"0","Units",,,12.075,,
"LVA","Latvia","L1","Primary education (ISCED2011 level 1)","INST_T","All public and private educational institutions","PERS_RATIO_INST","Ratio of students to teaching staff by type of institutions","2018","2018",,,"0","Units",,,11.997,,
"LTU","Lithuania","L1","Primary education (ISCED2011 level 1)","INST_T","All public and private educational institutions","PERS_AVG_CLASS","Average class size ","2016","2016",,,"0","Units",,,16.247,,
"LTU","Lithuania","L1","Primary education (ISCED2011 level 1)","INST_T","All public and private educational institutions","PERS_AVG_CLASS","Average class size ","2017","2017",,,"0","Units",,,16.945,,
"LTU","Lithuania","L1","Primary education (ISCED2011 level 1)","INST_T","All public and private educational institutions","PERS_AVG_CLASS","Average class size ","2018","2018",,,"0","Units",,,17.316,,
"LTU","Lithuania","L1","Primary education (ISCED2011 level 1)","INST_T","All public and private educational institutions","PERS_RATIO_INST","Ratio of students to teaching staff by type of institutions","2016","2016",,,"0","Units",,,10.47,,
"LTU","Lithuania","L1","Primary education (ISCED2011 level 1)","INST_T","All public and private educational institutions","PERS_RATIO_INST","Ratio of students to teaching staff by type of institutions","2017","2017",,,"0","Units",,,10.619,,
"LTU","Lithuania","L1","Primary education (ISCED2011 level 1)","INST_T","All public and private educational institutions","PERS_RATIO_INST","Ratio of students to teaching staff by type of institutions","2018","2018",,,"0","Units",,,11.22,,
"RUS","Russia","L1","Primary education (ISCED2011 level 1)","INST_T","All public and private educational institutions","PERS_AVG_CLASS","Average class size ","2016","2016",,,"0","Units",,,19.606,,
"RUS","Russia","L1","Primary education (ISCED2011 level 1)","INST_T","All public and private educational institutions","PERS_AVG_CLASS","Average class size ","2017","2017",,,"0","Units",,,20.134,,
"RUS","Russia","L1","Primary education (ISCED2011 level 1)","INST_T","All public and private educational institutions","PERS_AVG_CLASS","Average class size ","2018","2018",,,"0","Units",,,20.014,,
"RUS","Russia","L1","Primary education (ISCED2011 level 1)","INST_T","All public and private educational institutions","PERS_RATIO_INST","Ratio of students to teaching staff by type of institutions","2016","2016",,,"0","Units",,,21.038,,
"RUS","Russia","L1","Primary education (ISCED2011 level 1)","INST_T","All public and private educational institutions","PERS_RATIO_INST","Ratio of students to teaching staff by type of institutions","2017","2017",,,"0","Units",,,21.105,,
"RUS","Russia","L1","Primary education (ISCED2011 level 1)","INST_T","All public and private educational institutions","PERS_RATIO_INST","Ratio of students to teaching staff by type of institutions","2018","2018",,,"0","Units",,,22.934,,
"SAU","Saudi Arabia","L1","Primary education (ISCED2011 level 1)","INST_T","All public and private educational institutions","PERS_RATIO_INST","Ratio of students to teaching staff by type of institutions","2016","2016",,,"0","Units",,,11.701,,
"SAU","Saudi Arabia","L1","Primary education (ISCED2011 level 1)","INST_T","All public and private educational institutions","PERS_RATIO_INST","Ratio of students to teaching staff by type of institutions","2017","2017",,,"0","Units",,,12.227,,
"SAU","Saudi Arabia","L1","Primary education (ISCED2011 level 1)","INST_T","All public and private educational institutions","PERS_RATIO_INST","Ratio of students to teaching staff by type of institutions","2018","2018",,,"0","Units",,,13.815,,
"SVN","Slovenia","L1","Primary education (ISCED2011 level 1)","INST_T","All public and private educational institutions","PERS_AVG_CLASS","Average class size ","2016","2016",,,"0","Units",,,19.626,,
"SVN","Slovenia","L1","Primary education (ISCED2011 level 1)","INST_T","All public and private educational institutions","PERS_AVG_CLASS","Average class size ","2017","2017",,,"0","Units",,,18.352,,
"SVN","Slovenia","L1","Primary education (ISCED2011 level 1)","INST_T","All public and private educational institutions","PERS_AVG_CLASS","Average class size ","2018","2018",,,"0","Units",,,18.604,,
"SVN","Slovenia","L1","Primary education (ISCED2011 level 1)","INST_T","All public and private educational institutions","PERS_RATIO_INST","Ratio of students to teaching staff by type of institutions","2016","2016",,,"0","Units",,,14.282,,
"SVN","Slovenia","L1","Primary education (ISCED2011 level 1)","INST_T","All public and private educational institutions","PERS_RATIO_INST","Ratio of students to teaching staff by type of institutions","2017","2017",,,"0","Units",,,14.45,,
"SVN","Slovenia","L1","Primary education (ISCED2011 level 1)","INST_T","All public and private educational institutions","PERS_RATIO_INST","Ratio of students to teaching staff by type of institutions","2018","2018",,,"0","Units",,,10.341,,
"ZAF","South Africa","L1","Primary education (ISCED2011 level 1)","INST_T","All public and private educational institutions","PERS_RATIO_INST","Ratio of students to teaching staff by type of institutions","2016","2016",,,"0","Units",,,,"M","Missing value; data cannot exist"
"ZAF","South Africa","L1","Primary education (ISCED2011 level 1)","INST_T","All public and private educational institutions","PERS_RATIO_INST","Ratio of students to teaching staff by type of institutions","2017","2017",,,"0","Units",,,,"M","Missing value; data cannot exist"
"ISL","Iceland","L1","Primary education (ISCED2011 level 1)","INST_T","All public and private educational institutions","PERS_AVGCLASS_BASE_2005","Change in average class size (base 2005)","2016","2016",,,"0","Units",,,101.996,,
"ISL","Iceland","L1","Primary education (ISCED2011 level 1)","INST_T","All public and private educational institutions","PERS_AVGCLASS_BASE_2005","Change in average class size (base 2005)","2017","2017",,,"0","Units",,,103.91,,
"ISL","Iceland","L1","Primary education (ISCED2011 level 1)","INST_T","All public and private educational institutions","PERS_AVGCLASS_BASE_2005","Change in average class size (base 2005)","2018","2018",,,"0","Units",,,102.53,,
"RUS","Russia","L1","Primary education (ISCED2011 level 1)","INST_T","All public and private educational institutions","PERS_AVGCLASS_BASE_2005","Change in average class size (base 2005)","2016","2016",,,"0","Units",,,125.963,,
"RUS","Russia","L1","Primary education (ISCED2011 level 1)","INST_T","All public and private educational institutions","PERS_AVGCLASS_BASE_2005","Change in average class size (base 2005)","2017","2017",,,"0","Units",,,129.355,,
"RUS","Russia","L1","Primary education (ISCED2011 level 1)","INST_T","All public and private educational institutions","PERS_AVGCLASS_BASE_2005","Change in average class size (base 2005)","2018","2018",,,"0","Units",,,128.583,,
"CZE","Czech Republic","L1","Primary education (ISCED2011 level 1)","INST_T","All public and private educational institutions","PERS_AVGCLASS_BASE_2005","Change in average class size (base 2005)","2016","2016",,,"0","Units",,,102.464,,
"CZE","Czech Republic","L1","Primary education (ISCED2011 level 1)","INST_T","All public and private educational institutions","PERS_AVGCLASS_BASE_2005","Change in average class size (base 2005)","2017","2017",,,"0","Units",,,102.791,,
"CZE","Czech Republic","L1","Primary education (ISCED2011 level 1)","INST_T","All public and private educational institutions","PERS_AVGCLASS_BASE_2005","Change in average class size (base 2005)","2018","2018",,,"0","Units",,,102.4,,
"SVN","Slovenia","L1","Primary education (ISCED2011 level 1)","INST_T","All public and private educational institutions","PERS_AVGCLASS_BASE_2005","Change in average class size (base 2005)","2016","2016",,,"0","Units",,,107.607,,
"SVN","Slovenia","L1","Primary education (ISCED2011 level 1)","INST_T","All public and private educational institutions","PERS_AVGCLASS_BASE_2005","Change in average class size (base 2005)","2017","2017",,,"0","Units",,,100.624,,
"SVN","Slovenia","L1","Primary education (ISCED2011 level 1)","INST_T","All public and private educational institutions","PERS_AVGCLASS_BASE_2005","Change in average class size (base 2005)","2018","2018",,,"0","Units",,,102.007,,
"DNK","Denmark","L1","Primary education (ISCED2011 level 1)","INST_T","All public and private educational institutions","PERS_AVGCLASS_BASE_2005","Change in average class size (base 2005)","2016","2016",,,"0","Units",,,110.016,,
"DNK","Denmark","L1","Primary education (ISCED2011 level 1)","INST_T","All public and private educational institutions","PERS_AVGCLASS_BASE_2005","Change in average class size (base 2005)","2017","2017",,,"0","Units",,,107.898,,
"DNK","Denmark","L1","Primary education (ISCED2011 level 1)","INST_T","All public and private educational institutions","PERS_AVGCLASS_BASE_2005","Change in average class size (base 2005)","2018","2018",,,"0","Units",,,100.66,,
"ITA","Italy","L1","Primary education (ISCED2011 level 1)","INST_T","All public and private educational institutions","PERS_AVGCLASS_BASE_2005","Change in average class size (base 2005)","2016","2016",,,"0","Units",,,104.697,,
"ITA","Italy","L1","Primary education (ISCED2011 level 1)","INST_T","All public and private educational institutions","PERS_AVGCLASS_BASE_2005","Change in average class size (base 2005)","2017","2017",,,"0","Units",,,104.119,,
"ITA","Italy","L1","Primary education (ISCED2011 level 1)","INST_T","All public and private educational institutions","PERS_AVGCLASS_BASE_2005","Change in average class size (base 2005)","2018","2018",,,"0","Units",,,103.554,,
"TUR","Turkey","L1","Primary education (ISCED2011 level 1)","INST_T","All public and private educational institutions","PERS_AVGCLASS_BASE_2005","Change in average class size (base 2005)","2016","2016",,,"0","Units",,,81.241,"w","Includes data from another category"
"TUR","Turkey","L1","Primary education (ISCED2011 level 1)","INST_T","All public and private educational institutions","PERS_AVGCLASS_BASE_2005","Change in average class size (base 2005)","2017","2017",,,"0","Units",,,78.902,"w","Includes data from another category"
"TUR","Turkey","L1","Primary education (ISCED2011 level 1)","INST_T","All public and private educational institutions","PERS_AVGCLASS_BASE_2005","Change in average class size (base 2005)","2018","2018",,,"0","Units",,,82.388,"w","Includes data from another category"
"CHL","Chile","L1","Primary education (ISCED2011 level 1)","INST_T","All public and private educational institutions","PERS_AVGCLASS_BASE_2005","Change in average class size (base 2005)","2016","2016",,,"0","Units",,,94.58,,
"CHL","Chile","L1","Primary education (ISCED2011 level 1)","INST_T","All public and private educational institutions","PERS_AVGCLASS_BASE_2005","Change in average class size (base 2005)","2017","2017",,,"0","Units",,,94.965,,
"CHL","Chile","L1","Primary education (ISCED2011 level 1)","INST_T","All public and private educational institutions","PERS_AVGCLASS_BASE_2005","Change in average class size (base 2005)","2018","2018",,,"0","Units",,,95.94,,
"COL","Colombia","L1","Primary education (ISCED2011 level 1)","INST_T","All public and private educational institutions","PERS_AVGCLASS_BASE_2005","Change in average class size (base 2005)","2016","2016",,,"0","Units",,,,"M","Missing value; data cannot exist"
"COL","Colombia","L1","Primary education (ISCED2011 level 1)","INST_T","All public and private educational institutions","PERS_AVGCLASS_BASE_2005","Change in average class size (base 2005)","2017","2017",,,"0","Units",,,,"M","Missing value; data cannot exist"
"COL","Colombia","L1","Primary education (ISCED2011 level 1)","INST_T","All public and private educational institutions","PERS_AVGCLASS_BASE_2005","Change in average class size (base 2005)","2018","2018",,,"0","Units",,,,"M","Missing value; data cannot exist"
"BRA","Brazil","L1","Primary education (ISCED2011 level 1)","INST_T","All public and private educational institutions","PERS_AVGCLASS_BASE_2005","Change in average class size (base 2005)","2016","2016",,,"0","Units",,,92.405,,
"BRA","Brazil","L1","Primary education (ISCED2011 level 1)","INST_T","All public and private educational institutions","PERS_AVGCLASS_BASE_2005","Change in average class size (base 2005)","2017","2017",,,"0","Units",,,92.082,,
"BRA","Brazil","L1","Primary education (ISCED2011 level 1)","INST_T","All public and private educational institutions","PERS_AVGCLASS_BASE_2005","Change in average class size (base 2005)","2018","2018",,,"0","Units",,,92.123,,
"GBR","United Kingdom","L1","Primary education (ISCED2011 level 1)","INST_T","All public and private educational institutions","PERS_AVGCLASS_BASE_2005","Change in average class size (base 2005)","2016","2016",,,"0","Units",,,107.313,,
"GBR","United Kingdom","L1","Primary education (ISCED2011 level 1)","INST_T","All public and private educational institutions","PERS_AVGCLASS_BASE_2005","Change in average class size (base 2005)","2017","2017",,,"0","Units",,,110.286,,
"GBR","United Kingdom","L1","Primary education (ISCED2011 level 1)","INST_T","All public and private educational institutions","PERS_AVGCLASS_BASE_2005","Change in average class size (base 2005)","2018","2018",,,"0","Units",,,107.546,,
"MEX","Mexico","L1","Primary education (ISCED2011 level 1)","INST_T","All public and private educational institutions","PERS_AVGCLASS_BASE_2005","Change in average class size (base 2005)","2016","2016",,,"0","Units",,,116.947,,
"MEX","Mexico","L1","Primary education (ISCED2011 level 1)","INST_T","All public and private educational institutions","PERS_AVGCLASS_BASE_2005","Change in average class size (base 2005)","2017","2017",,,"0","Units",,,119.939,,
"MEX","Mexico","L1","Primary education (ISCED2011 level 1)","INST_T","All public and private educational institutions","PERS_AVGCLASS_BASE_2005","Change in average class size (base 2005)","2018","2018",,,"0","Units",,,121.351,,
"GRC","Greece","L1","Primary education (ISCED2011 level 1)","INST_T","All public and private educational institutions","PERS_AVGCLASS_BASE_2005","Change in average class size (base 2005)","2016","2016",,,"0","Units",,,87.968,,
"GRC","Greece","L1","Primary education (ISCED2011 level 1)","INST_T","All public and private educational institutions","PERS_AVGCLASS_BASE_2005","Change in average class size (base 2005)","2017","2017",,,"0","Units",,,88.86,,
"GRC","Greece","L1","Primary education (ISCED2011 level 1)","INST_T","All public and private educational institutions","PERS_AVGCLASS_BASE_2005","Change in average class size (base 2005)","2018","2018",,,"0","Units",,,88.39,,
"CAN","Canada","L1","Primary education (ISCED2011 level 1)","INST_T","All public and private educational institutions","PERS_AVGCLASS_BASE_2005","Change in average class size (base 2005)","2016","2016",,,"0","Units",,,,"M","Missing value; data cannot exist"
"CAN","Canada","L1","Primary education (ISCED2011 level 1)","INST_T","All public and private educational institutions","PERS_AVGCLASS_BASE_2005","Change in average class size (base 2005)","2017","2017",,,"0","Units",,,,"M","Missing value; data cannot exist"
"CAN","Canada","L1","Primary education (ISCED2011 level 1)","INST_T","All public and private educational institutions","PERS_AVGCLASS_BASE_2005","Change in average class size (base 2005)","2018","2018",,,"0","Units",,,,"M","Missing value; data cannot exist"
"SVK","Slovak Republic","L1","Primary education (ISCED2011 level 1)","INST_T","All public and private educational institutions","PERS_AVGCLASS_BASE_2005","Change in average class size (base 2005)","2016","2016",,,"0","Units",,,90.639,,
"SVK","Slovak Republic","L1","Primary education (ISCED2011 level 1)","INST_T","All public and private educational institutions","PERS_AVGCLASS_BASE_2005","Change in average class size (base 2005)","2017","2017",,,"0","Units",,,91.816,,
"SVK","Slovak Republic","L1","Primary education (ISCED2011 level 1)","INST_T","All public and private educational institutions","PERS_AVGCLASS_BASE_2005","Change in average class size (base 2005)","2018","2018",,,"0","Units",,,92.199,,
"HUN","Hungary","L1","Primary education (ISCED2011 level 1)","INST_T","All public and private educational institutions","PERS_AVGCLASS_BASE_2005","Change in average class size (base 2005)","2016","2016",,,"0","Units",,,106.071,,
"HUN","Hungary","L1","Primary education (ISCED2011 level 1)","INST_T","All public and private educational institutions","PERS_AVGCLASS_BASE_2005","Change in average class size (base 2005)","2017","2017",,,"0","Units",,,109.794,,
"HUN","Hungary","L1","Primary education (ISCED2011 level 1)","INST_T","All public and private educational institutions","PERS_AVGCLASS_BASE_2005","Change in average class size (base 2005)","2018","2018",,,"0","Units",,,108.762,,
"ESP","Spain","L1","Primary education (ISCED2011 level 1)","INST_T","All public and private educational institutions","PERS_AVGCLASS_BASE_2005","Change in average class size (base 2005)","2016","2016",,,"0","Units",,,105.21,,
"ESP","Spain","L1","Primary education (ISCED2011 level 1)","INST_T","All public and private educational institutions","PERS_AVGCLASS_BASE_2005","Change in average class size (base 2005)","2017","2017",,,"0","Units",,,105.407,,
"ESP","Spain","L1","Primary education (ISCED2011 level 1)","INST_T","All public and private educational institutions","PERS_AVGCLASS_BASE_2005","Change in average class size (base 2005)","2018","2018",,,"0","Units",,,105.17,,
"NLD","Netherlands","L1","Primary education (ISCED2011 level 1)","INST_T","All public and private educational institutions","PERS_AVGCLASS_BASE_2005","Change in average class size (base 2005)","2016","2016",,,"0","Units",,,,"M","Missing value; data cannot exist"
"NLD","Netherlands","L1","Primary education (ISCED2011 level 1)","INST_T","All public and private educational institutions","PERS_AVGCLASS_BASE_2005","Change in average class size (base 2005)","2017","2017",,,"0","Units",,,,"M","Missing value; data cannot exist"
"NLD","Netherlands","L1","Primary education (ISCED2011 level 1)","INST_T","All public and private educational institutions","PERS_AVGCLASS_BASE_2005","Change in average class size (base 2005)","2018","2018",,,"0","Units",,,,"M","Missing value; data cannot exist"
"LTU","Lithuania","L1","Primary education (ISCED2011 level 1)","INST_T","All public and private educational institutions","PERS_AVGCLASS_BASE_2005","Change in average class size (base 2005)","2016","2016",,,"0","Units",,,109.469,,
"LTU","Lithuania","L1","Primary education (ISCED2011 level 1)","INST_T","All public and private educational institutions","PERS_AVGCLASS_BASE_2005","Change in average class size (base 2005)","2017","2017",,,"0","Units",,,114.172,,
"LTU","Lithuania","L1","Primary education (ISCED2011 level 1)","INST_T","All public and private educational institutions","PERS_AVGCLASS_BASE_2005","Change in average class size (base 2005)","2018","2018",,,"0","Units",,,116.674,,
"NZL","New Zealand","L1","Primary education (ISCED2011 level 1)","INST_T","All public and private educational institutions","PERS_AVGCLASS_BASE_2005","Change in average class size (base 2005)","2016","2016",,,"0","Units",,,,"M","Missing value; data cannot exist"
"NZL","New Zealand","L1","Primary education (ISCED2011 level 1)","INST_T","All public and private educational institutions","PERS_AVGCLASS_BASE_2005","Change in average class size (base 2005)","2017","2017",,,"0","Units",,,,"M","Missing value; data cannot exist"
"NZL","New Zealand","L1","Primary education (ISCED2011 level 1)","INST_T","All public and private educational institutions","PERS_AVGCLASS_BASE_2005","Change in average class size (base 2005)","2018","2018",,,"0","Units",,,,"M","Missing value; data cannot exist"
"SWE","Sweden","L1","Primary education (ISCED2011 level 1)","INST_T","All public and private educational institutions","PERS_AVGCLASS_BASE_2005","Change in average class size (base 2005)","2016","2016",,,"0","Units",,,,"M","Missing value; data cannot exist"
"SWE","Sweden","L1","Primary education (ISCED2011 level 1)","INST_T","All public and private educational institutions","PERS_AVGCLASS_BASE_2005","Change in average class size (base 2005)","2017","2017",,,"0","Units",,,,"M","Missing value; data cannot exist"
"SWE","Sweden","L1","Primary education (ISCED2011 level 1)","INST_T","All public and private educational institutions","PERS_AVGCLASS_BASE_2005","Change in average class size (base 2005)","2018","2018",,,"0","Units",,,,"M","Missing value; data cannot exist"
"CHE","Switzerland","L1","Primary education (ISCED2011 level 1)","INST_T","All public and private educational institutions","PERS_AVGCLASS_BASE_2005","Change in average class size (base 2005)","2016","2016",,,"0","Units",,,,"M","Missing value; data cannot exist"
"CHE","Switzerland","L1","Primary education (ISCED2011 level 1)","INST_T","All public and private educational institutions","PERS_AVGCLASS_BASE_2005","Change in average class size (base 2005)","2017","2017",,,"0","Units",,,,"M","Missing value; data cannot exist"
"CHE","Switzerland","L1","Primary education (ISCED2011 level 1)","INST_T","All public and private educational institutions","PERS_AVGCLASS_BASE_2005","Change in average class size (base 2005)","2018","2018",,,"0","Units",,,,"M","Missing value; data cannot exist"
"IRL","Ireland","L1","Primary education (ISCED2011 level 1)","INST_T","All public and private educational institutions","PERS_AVGCLASS_BASE_2005","Change in average class size (base 2005)","2016","2016",,,"0","Units",,,,"M","Missing value; data cannot exist"
"IRL","Ireland","L1","Primary education (ISCED2011 level 1)","INST_T","All public and private educational institutions","PERS_AVGCLASS_BASE_2005","Change in average class size (base 2005)","2017","2017",,,"0","Units",,,,"M","Missing value; data cannot exist"
"IRL","Ireland","L1","Primary education (ISCED2011 level 1)","INST_T","All public and private educational institutions","PERS_AVGCLASS_BASE_2005","Change in average class size (base 2005)","2018","2018",,,"0","Units",,,,"M","Missing value; data cannot exist"
"CRI","Costa Rica","L1","Primary education (ISCED2011 level 1)","INST_T","All public and private educational institutions","PERS_AVGCLASS_BASE_2005","Change in average class size (base 2005)","2016","2016",,,"0","Units",,,,"M","Missing value; data cannot exist"
"CRI","Costa Rica","L1","Primary education (ISCED2011 level 1)","INST_T","All public and private educational institutions","PERS_AVGCLASS_BASE_2005","Change in average class size (base 2005)","2017","2017",,,"0","Units",,,,"M","Missing value; data cannot exist"
"CRI","Costa Rica","L1","Primary education (ISCED2011 level 1)","INST_T","All public and private educational institutions","PERS_AVGCLASS_BASE_2005","Change in average class size (base 2005)","2018","2018",,,"0","Units",,,,"M","Missing value; data cannot exist"
"AUT","Austria","L1","Primary education (ISCED2011 level 1)","INST_T","All public and private educational institutions","PERS_AVGCLASS_BASE_2005","Change in average class size (base 2005)","2016","2016",,,"0","Units",,,91.344,,
"AUT","Austria","L1","Primary education (ISCED2011 level 1)","INST_T","All public and private educational institutions","PERS_AVGCLASS_BASE_2005","Change in average class size (base 2005)","2017","2017",,,"0","Units",,,91.937,,
"AUT","Austria","L1","Primary education (ISCED2011 level 1)","INST_T","All public and private educational institutions","PERS_AVGCLASS_BASE_2005","Change in average class size (base 2005)","2018","2018",,,"0","Units",,,91.826,,
"NOR","Norway","L1","Primary education (ISCED2011 level 1)","INST_T","All public and private educational institutions","PERS_AVGCLASS_BASE_2005","Change in average class size (base 2005)","2016","2016",,,"0","Units",,,,"z","Not applicable"
"NOR","Norway","L1","Primary education (ISCED2011 level 1)","INST_T","All public and private educational institutions","PERS_AVGCLASS_BASE_2005","Change in average class size (base 2005)","2017","2017",,,"0","Units",,,,"z","Not applicable"
"NOR","Norway","L1","Primary education (ISCED2011 level 1)","INST_T","All public and private educational institutions","PERS_AVGCLASS_BASE_2005","Change in average class size (base 2005)","2018","2018",,,"0","Units",,,,"z","Not applicable"
"JPN","Japan","L1","Primary education (ISCED2011 level 1)","INST_T","All public and private educational institutions","PERS_AVGCLASS_BASE_2005","Change in average class size (base 2005)","2016","2016",,,"0","Units",,,96.089,,
"JPN","Japan","L1","Primary education (ISCED2011 level 1)","INST_T","All public and private educational institutions","PERS_AVGCLASS_BASE_2005","Change in average class size (base 2005)","2017","2017",,,"0","Units",,,96.047,,
"JPN","Japan","L1","Primary education (ISCED2011 level 1)","INST_T","All public and private educational institutions","PERS_AVGCLASS_BASE_2005","Change in average class size (base 2005)","2018","2018",,,"0","Units",,,95.896,,
"AUS","Australia","L1","Primary education (ISCED2011 level 1)","INST_T","All public and private educational institutions","PERS_AVGCLASS_BASE_2005","Change in average class size (base 2005)","2016","2016",,,"0","Units",,,98.537,,
"AUS","Australia","L1","Primary education (ISCED2011 level 1)","INST_T","All public and private educational institutions","PERS_AVGCLASS_BASE_2005","Change in average class size (base 2005)","2017","2017",,,"0","Units",,,98.304,,
"AUS","Australia","L1","Primary education (ISCED2011 level 1)","INST_T","All public and private educational institutions","PERS_AVGCLASS_BASE_2005","Change in average class size (base 2005)","2018","2018",,,"0","Units",,,97.713,,
"EST","Estonia","L1","Primary education (ISCED2011 level 1)","INST_T","All public and private educational institutions","PERS_AVGCLASS_BASE_2005","Change in average class size (base 2005)","2016","2016",,,"0","Units",,,95.601,,
"EST","Estonia","L1","Primary education (ISCED2011 level 1)","INST_T","All public and private educational institutions","PERS_AVGCLASS_BASE_2005","Change in average class size (base 2005)","2017","2017",,,"0","Units",,,95.965,,
"EST","Estonia","L1","Primary education (ISCED2011 level 1)","INST_T","All public and private educational institutions","PERS_AVGCLASS_BASE_2005","Change in average class size (base 2005)","2018","2018",,,"0","Units",,,96.007,,
"FIN","Finland","L1","Primary education (ISCED2011 level 1)","INST_T","All public and private educational institutions","PERS_AVGCLASS_BASE_2005","Change in average class size (base 2005)","2016","2016",,,"0","Units",,,,"M","Missing value; data cannot exist"
"FIN","Finland","L1","Primary education (ISCED2011 level 1)","INST_T","All public and private educational institutions","PERS_AVGCLASS_BASE_2005","Change in average class size (base 2005)","2017","2017",,,"0","Units",,,,"M","Missing value; data cannot exist"
"FIN","Finland","L1","Primary education (ISCED2011 level 1)","INST_T","All public and private educational institutions","PERS_AVGCLASS_BASE_2005","Change in average class size (base 2005)","2018","2018",,,"0","Units",,,,"M","Missing value; data cannot exist"
"POL","Poland","L1","Primary education (ISCED2011 level 1)","INST_T","All public and private educational institutions","PERS_AVGCLASS_BASE_2005","Change in average class size (base 2005)","2016","2016",,,"0","Units",,,92.914,,
"POL","Poland","L1","Primary education (ISCED2011 level 1)","INST_T","All public and private educational institutions","PERS_AVGCLASS_BASE_2005","Change in average class size (base 2005)","2017","2017",,,"0","Units",,,90.034,,
"POL","Poland","L1","Primary education (ISCED2011 level 1)","INST_T","All public and private educational institutions","PERS_AVGCLASS_BASE_2005","Change in average class size (base 2005)","2018","2018",,,"0","Units",,,88.728,,
"KOR","Korea","L1","Primary education (ISCED2011 level 1)","INST_T","All public and private educational institutions","PERS_AVGCLASS_BASE_2005","Change in average class size (base 2005)","2016","2016",,,"0","Units",,,71.115,,
"KOR","Korea","L1","Primary education (ISCED2011 level 1)","INST_T","All public and private educational institutions","PERS_AVGCLASS_BASE_2005","Change in average class size (base 2005)","2017","2017",,,"0","Units",,,70.813,,
"KOR","Korea","L1","Primary education (ISCED2011 level 1)","INST_T","All public and private educational institutions","PERS_AVGCLASS_BASE_2005","Change in average class size (base 2005)","2018","2018",,,"0","Units",,,70.883,,
"ISR","Israel","L1","Primary education (ISCED2011 level 1)","INST_T","All public and private educational institutions","PERS_AVGCLASS_BASE_2005","Change in average class size (base 2005)","2016","2016",,,"0","Units",,,96.382,,
"ISR","Israel","L1","Primary education (ISCED2011 level 1)","INST_T","All public and private educational institutions","PERS_AVGCLASS_BASE_2005","Change in average class size (base 2005)","2017","2017",,,"0","Units",,,95.758,,
"ISR","Israel","L1","Primary education (ISCED2011 level 1)","INST_T","All public and private educational institutions","PERS_AVGCLASS_BASE_2005","Change in average class size (base 2005)","2018","2018",,,"0","Units",,,95.256,,
"FRA","France","L1","Primary education (ISCED2011 level 1)","INST_T","All public and private educational institutions","PERS_AVGCLASS_BASE_2005","Change in average class size (base 2005)","2016","2016",,,"0","Units",,,,"M","Missing value; data cannot exist"
"FRA","France","L1","Primary education (ISCED2011 level 1)","INST_T","All public and private educational institutions","PERS_AVGCLASS_BASE_2005","Change in average class size (base 2005)","2017","2017",,,"0","Units",,,,"M","Missing value; data cannot exist"
"FRA","France","L1","Primary education (ISCED2011 level 1)","INST_T","All public and private educational institutions","PERS_AVGCLASS_BASE_2005","Change in average class size (base 2005)","2018","2018",,,"0","Units",,,,"M","Missing value; data cannot exist"
"LUX","Luxembourg","L1","Primary education (ISCED2011 level 1)","INST_T","All public and private educational institutions","PERS_AVGCLASS_BASE_2005","Change in average class size (base 2005)","2017","2017",,,"0","Units",,,100.657,,
"LUX","Luxembourg","L1","Primary education (ISCED2011 level 1)","INST_T","All public and private educational institutions","PERS_AVGCLASS_BASE_2005","Change in average class size (base 2005)","2018","2018",,,"0","Units",,,,"M","Missing value; data cannot exist"
"DEU","Germany","L1","Primary education (ISCED2011 level 1)","INST_T","All public and private educational institutions","PERS_AVGCLASS_BASE_2005","Change in average class size (base 2005)","2016","2016",,,"0","Units",,,94.193,,
"DEU","Germany","L1","Primary education (ISCED2011 level 1)","INST_T","All public and private educational institutions","PERS_AVGCLASS_BASE_2005","Change in average class size (base 2005)","2017","2017",,,"0","Units",,,94.702,,
"DEU","Germany","L1","Primary education (ISCED2011 level 1)","INST_T","All public and private educational institutions","PERS_AVGCLASS_BASE_2005","Change in average class size (base 2005)","2018","2018",,,"0","Units",,,95.207,,
"PRT","Portugal","L1","Primary education (ISCED2011 level 1)","INST_T","All public and private educational institutions","PERS_AVGCLASS_BASE_2005","Change in average class size (base 2005)","2016","2016",,,"0","Units",,,114.039,,
"PRT","Portugal","L1","Primary education (ISCED2011 level 1)","INST_T","All public and private educational institutions","PERS_AVGCLASS_BASE_2005","Change in average class size (base 2005)","2017","2017",,,"0","Units",,,114.386,,
"PRT","Portugal","L1","Primary education (ISCED2011 level 1)","INST_T","All public and private educational institutions","PERS_AVGCLASS_BASE_2005","Change in average class size (base 2005)","2018","2018",,,"0","Units",,,113.839,,
"BEL","Belgium","L1","Primary education (ISCED2011 level 1)","INST_T","All public and private educational institutions","PERS_AVGCLASS_BASE_2005","Change in average class size (base 2005)","2016","2016",,,"0","Units",,,,"M","Missing value; data cannot exist"
"BEL","Belgium","L1","Primary education (ISCED2011 level 1)","INST_T","All public and private educational institutions","PERS_AVGCLASS_BASE_2005","Change in average class size (base 2005)","2017","2017",,,"0","Units",,,,"M","Missing value; data cannot exist"
"BEL","Belgium","L1","Primary education (ISCED2011 level 1)","INST_T","All public and private educational institutions","PERS_AVGCLASS_BASE_2005","Change in average class size (base 2005)","2018","2018",,,"0","Units",,,,"M","Missing value; data cannot exist"
"USA","United States","L1","Primary education (ISCED2011 level 1)","INST_T","All public and private educational institutions","PERS_AVGCLASS_BASE_2005","Change in average class size (base 2005)","2016","2016",,,"0","Units",,,101.888,,
"USA","United States","L1","Primary education (ISCED2011 level 1)","INST_T","All public and private educational institutions","PERS_AVGCLASS_BASE_2005","Change in average class size (base 2005)","2017","2017",,,"0","Units",,,101.872,,
"USA","United States","L1","Primary education (ISCED2011 level 1)","INST_T","All public and private educational institutions","PERS_AVGCLASS_BASE_2005","Change in average class size (base 2005)","2018","2018",,,"0","Units",,,101.909,,
"LVA","Latvia","L1","Primary education (ISCED2011 level 1)","INST_T","All public and private educational institutions","PERS_AVGCLASS_BASE_2005","Change in average class size (base 2005)","2016","2016",,,"0","Units",,,96.509,,
"LVA","Latvia","L1","Primary education (ISCED2011 level 1)","INST_T","All public and private educational institutions","PERS_AVGCLASS_BASE_2005","Change in average class size (base 2005)","2017","2017",,,"0","Units",,,97.824,,
"LVA","Latvia","L1","Primary education (ISCED2011 level 1)","INST_T","All public and private educational institutions","PERS_AVGCLASS_BASE_2005","Change in average class size (base 2005)","2018","2018",,,"0","Units",,,98.463,,
